Word,Count,achieve,adverb,affect,article,assent,auxverb,bio,body,cause,certain,cogmech,conj,discrep,excl,funct,future,hear,i,incl,inhib,insight,ipron,money,motion,negate,negemo,number,past,percept,posemo,ppron,preps,present,pronoun,quant,relativ,sad,see,shehe,social,space,tentat,they,time,verb,we,work,you,
a,6,0,0,0,0,0,0,0,0,0,1.3100436681222707,0,0,0,0,0,0,0,0,0,0,0,0,0,0,0,0,0,0,0,0,0,0,0,0,0,0,0,0,0,0,0,14.285714285714286,0,0,0,0,0,0,
about,1,0,0,0,0,0,0,0,0,0,0.2183406113537118,0,0,0,0,0,0.7692307692307693,0,3.225806451612903,0,0,0,0,0,0,0,0,0,0,0,0,0,0,0,0,0,0,0,0,0,0,0,0,0,0,0,0,0,0,
accepted,6,0,0,0,0,0,0,0,0,33.333333333333336,0,4.137931034482759,0,9.090909090909092,0,0,0,0,0,3.658536585365854,0,0,0,0,0,0,0,0,0,0,0,0,0,0,0,8.955223880597014,0,0,0,0,0,0,0,0,0,0,0,0,21.428571428571427,
account,3,0,0,0,0,0,0,0,0,0,0,0,0,0,0,0,0,0,0,0,0,0,0,42.857142857142854,0,0,0,0,0,0,0,0,0,0,0,0,0,0,0,0,0,0,0,0,0,0,0,0,0,
after,2,0,0,0,0,0,0,0,0,0,0.4366812227074236,0,0,0,0,8.333333333333334,1.5384615384615385,0,0,0,1.7391304347826086,0,0,0,0,0,0,0,0,0,0,0,0,0,0,0,0,0,0,0,0,0,0,0,0,0,0,0,0,
again,1,0,0,0,0,0,0,0,0,0,0.2183406113537118,0,0,0,0,4.166666666666667,0,0,3.225806451612903,0,0.8695652173913043,0,0,0,0,0,0,0,0,0,0,0,0,0,0,0,0,0,0,0,0,0,0,0,0,0,0,0,0,
all,4,0,0,0,0,0,0,0,0,0,0.8733624454148472,2.7586206896551726,0,0,0,0,0,0,0,0,0,0,0,0,0,0,0,0,0,0,0,0,0,0,0,0,0,0,0,0,0,0,0,0,14.814814814814815,0,66.66666666666667,0,0,
already,3,0,0,0,0,0,0,0,0,0,0,0,0,0,0,12.5,0,0,0,0,2.608695652173913,0,0,0,0,0,0,0,0,0,0,0,0,0,0,0,0,0,0,0,0,0,0,0,0,0,0,0,0,
also,5,0,0,0,0,0,10.0,0,0,0,1.091703056768559,0,0,0,0,0,0,0,16.129032258064516,0,0,0,0,0,0,0,0,0,0,0,0,0,0,0,0,0,0,0,0,0,0,0,0,0,0,0,0,0,0,
am,6,0,0,0,0,0,0,0,0,0,1.3100436681222707,0,0,0,0,0,0,0,0,3.658536585365854,0,0,0,0,0,0,0,0,0,0,0,0,0,0,0,0,0,0,0,8.0,0,0,0,9.523809523809524,0,0,0,0,0,
an,2,0,0,0,0,0,0,0,0,0,0.4366812227074236,0,0,0,0,0,0,0,0,0,0,0,0,0,0,0,0,0,0,0,0,0,0,0,0,0,0,0,0,0,0,0,4.761904761904762,0,0,0,0,0,0,
and,25,0,0,0,0,0,50.0,0,0,0,5.458515283842795,17.24137931034483,0,0,0,0,0,0,0,0,0,0,0,0,0,60.97560975609756,0,0,0,0,0,0,0,0,0,0,0,0,0,0,0,0,0,0,0,0,0,0,0,
any,3,0,0,0,0,0,0,0,0,0,0.6550218340611353,2.0689655172413794,0,0,0,0,0,0,0,0,0,0,0,0,0,0,0,0,0,0,0,0,18.75,0,0,0,0,0,0,0,0,0,0,0,11.11111111111111,0,0,0,0,
are,5,0,0,0,0,0,0,0,0,0,1.091703056768559,0,0,0,0,0,0,0,0,3.048780487804878,0,0,0,0,0,0,0,0,0,0,0,0,0,0,0,0,0,0,0,6.666666666666667,0,0,0,7.936507936507937,0,0,0,0,0,
arrival,1,0,0,0,0,0,0,0,0,0,0,0,0,0,0,0,0,0,0,0,0.8695652173913043,0,0,0,5.0,0,0,0,0,0,0,0,0,0,0,0,0,0,0,0,0,0,0,0,0,0,0,0,0,
as,1,0,0,0,0,0,2.0,0,0,0,0.2183406113537118,0,0,0,0,0,0.7692307692307693,0,0,0,0,0,0,0,0,0,0,0,0,0,0,0,0,0,0,0,0,0,0,0,0,0,0,0,0,0,0,0,0,
asking,1,0,0,0,0,0,0,0,0,0,0,0,0,0,0,0,0,0,0,0,0,0,0.8695652173913043,0,0,0,0,0,0,0,0,0,0,0,0,0,0,0,0,0,0,0,0,0,0,0,0,0,0,
assign,1,0,0,0,0,0,0,0,0,0,0,0,0,0,0,0,0,0,0,0,0,0,0,0,0,0,3.5714285714285716,0,0,0,0,0,0,0,0,0,0,0,0,0,0,0,0,0,0,0,0,0,0,
at,26,0,0,0,0,0,0,0,0,0,5.676855895196507,0,37.142857142857146,0,0,0,20.0,0,0,0,22.608695652173914,0,0,0,0,0,0,0,0,0,0,0,0,0,0,0,0,0,0,0,0,0,0,0,0,0,0,0,0,
back,1,0,0,0,0,0,0,0,0,0,0.2183406113537118,0,0,0,0,4.166666666666667,0,0,3.225806451612903,0,0.8695652173913043,0,0,0,0,0,0,0,0,0,0,0,0,0,0,0,0,0,0,0,0,0,0,0,0,0,0,0,0,
be,5,0,0,0,0,0,0,0,0,0,1.091703056768559,0,0,0,0,0,0,0,0,3.048780487804878,0,0,0,0,0,0,0,0,0,0,0,0,0,0,0,0,0,0,0,0,0,0,0,7.936507936507937,0,0,0,0,0,
because,1,0,0,12.5,0,0,2.0,0,0,0,0.2183406113537118,0.6896551724137931,0,0,0,0,0,0,0,0,0,0,0,0,0,0,0,0,0,0,0,0,0,0,0,0,0,0,0,0,0,0,0,0,0,0,0,0,0,
become,1,0,0,0,0,0,0,0,0,5.555555555555555,0.2183406113537118,0.6896551724137931,0,0,0,0,0,0,0,0.6097560975609756,0,0,0,0,0,0,0,0,0,0,0,0,0,0,0,0,0,0,0,1.3333333333333333,0,0,0,1.5873015873015872,0,0,0,0,0,
been,2,0,0,0,0,0,0,0,0,0,0.4366812227074236,0,0,0,0,0,0,0,0,1.2195121951219512,0,0,0,0,0,0,0,0,0,0,0,0,0,0,0,2.985074626865672,0,0,0,0,0,0,0,3.1746031746031744,0,0,0,0,0,
both,1,0,0,0,0,0,0,0,0,0,0.2183406113537118,0.6896551724137931,1.4285714285714286,0,0,0,0,0,0,0,0.8695652173913043,0,0,0,0,2.4390243902439024,0,0,0,0,0,0,0,0,0,0,0,0,0,0,0,0,0,0,3.7037037037037037,0,0,0,0,
business,1,0,0,0,0,0,0,0,0,0,0,0,0,0,0,0,0,0,0,0,0,0,0,14.285714285714286,0,0,3.5714285714285716,0,0,0,0,0,0,0,0,0,0,0,0,0,0,0,0,0,0,0,0,0,0,
but,3,0,0,0,0,0,6.0,0,0,0,0.6550218340611353,2.0689655172413794,0,0,0,0,0,0,0,0,0,0,0,0,0,0,0,0,0,0,0,0,0,0,0,0,0,0,0,0,0,0,0,0,0,16.666666666666668,0,0,0,
can,2,0,0,0,0,0,0,0,0,0,0.4366812227074236,0,0,0,0,0,0,0,0,1.2195121951219512,0,0,0,0,0,0,0,0,0,0,0,0,0,0,0,0,0,0,0,2.6666666666666665,0,0,0,3.1746031746031744,0,0,0,0,0,
change,1,0,0,12.5,0,0,0,0,0,0,0,0.6896551724137931,0,0,0,0,0,0,0,0,0.8695652173913043,0,0,0,5.0,0,0,0,0,0,0,0,0,0,0,0,0,0,0,0,0,0,0,0,0,0,0,0,0,
check,2,0,0,0,0,0,0,0,0,0,0,0,0,0,0,0,0,0,0,0,0,0,0,28.571428571428573,0,0,0,0,0,0,0,0,0,0,0,0,0,0,0,0,0,0,0,0,0,0,0,0,0,
closely,1,0,0,0,0,0,0,0,0,0,0,0,0,0,0,0,0,0,0,0,0.8695652173913043,0,0,0,5.0,0,0,0,0,0,0,0,0,0,0,0,0,0,0,0,0,0,0,0,0,0,0,0,0,
come,1,0,0,0,0,0,0,0,0,0,0,0.6896551724137931,0,0,0,0,0,0,0,0.6097560975609756,0.8695652173913043,0,0,0,5.0,2.4390243902439024,0,0,0,0,0,0,0,0,0,0,0,0,0,1.3333333333333333,0,0,0,0,0,0,0,0,0,
couldn't,1,0,0,0,5.0,0,0,0,0,0,0.2183406113537118,0.6896551724137931,0,0,0,0,0,0,0,0.6097560975609756,0,0,0,0,0,0,0,0,4.761904761904762,0,0,0,0,0,0,0,0,0,0,0,0,0,0,1.5873015873015872,0,0,0,0,0,
create,1,0,0,12.5,0,0,0,0,6.25,0,0,0.6896551724137931,0,1.5151515151515151,0,0,0,0,0,0,0,0,0,0,0,0,0,0,0,0,0,0,0,0,0,0,0,0,0,0,0,0,0,0,0,0,0,0,3.5714285714285716,
did,3,0,0,0,0,0,0,0,0,0,0.6550218340611353,0,0,0,0,0,0,0,0,1.829268292682927,0,0,0,0,0,0,0,0,0,0,0,0,0,0,0,4.477611940298507,0,0,0,0,0,0,0,4.761904761904762,0,0,0,0,0,
didn't,1,0,0,0,0,0,0,0,0,0,0.2183406113537118,0,0,0,0,0,0,0,0,0.6097560975609756,0,0,0,0,0,0,0,0,4.761904761904762,0,0,0,0,0,0,1.492537313432836,0,0,0,0,0,0,0,1.5873015873015872,0,0,0,0,0,
do,2,0,0,0,0,0,0,0,0,0,0.4366812227074236,0,0,0,0,0,0,0,0,1.2195121951219512,0,0,0,0,0,0,0,0,0,0,0,0,0,0,0,0,0,0,0,2.6666666666666665,0,0,0,3.1746031746031744,0,0,0,0,0,
don't,1,0,0,0,0,0,0,0,0,0,0.2183406113537118,0,0,0,0,0,0,0,0,0.6097560975609756,0,0,0,0,0,0,0,0,4.761904761904762,0,0,0,0,0,0,0,0,0,0,1.3333333333333333,0,0,0,1.5873015873015872,0,0,0,0,0,
done,2,0,0,0,0,0,0,0,0,0,0.4366812227074236,0,0,0,0,0,0,0,0,1.2195121951219512,0,0,0,0,0,0,0,0,0,0,0,0,0,0,0,2.985074626865672,0,0,0,0,0,0,0,3.1746031746031744,0,0,0,0,0,
either,1,0,0,0,0,0,0,0,0,0,0.2183406113537118,0.6896551724137931,0,0,0,0,0,0,0,0,0,0,0,0,0,0,0,0,0,0,0,0,0,0,0,0,0,0,0,0,0,0,0,0,3.7037037037037037,5.555555555555555,0,0,0,
email,5,0,0,0,0,0,0,0,0,0,0,0,0,0,0,0,0,0,0,0,0,0,4.3478260869565215,0,0,0,0,0,0,0,0,0,0,0,0,0,0,0,0,0,0,0,0,0,0,0,0,0,0,
emailing,1,0,0,0,0,0,0,0,0,0,0,0,0,0,0,0,0,0,0,0,0,0,0.8695652173913043,0,0,0,0,0,0,0,0,0,0,0,0,0,0,0,0,0,0,0,0,0,0,0,0,0,0,
even,1,0,0,0,0,0,0,0,0,0,0.2183406113537118,0,0,0,0,0,0,0,3.225806451612903,0,0,0,0,0,0,0,0,0,0,0,0,0,0,0,0,0,0,0,0,0,0,0,0,0,0,0,0,0,0,
expect,1,0,0,0,5.0,0,0,0,0,0,0,0.6896551724137931,0,0,0,0,0,0,0,0,0,0,0,0,0,0,0,0,0,0,0,0,0,0,0,0,0,0,0,0,0,0,0,0,0,0,0,0,0,
face,1,100.0,0,0,0,0,0,0,0,0,0,0,0,0,0,0,0,0,0,0,0,0,0,0,0,0,0,0,0,0,0,0,0,0,0,0,0,0,0,0,100.0,0,0,0,0,0,0,0,0,
few,1,0,0,0,0,0,0,0,0,0,0.2183406113537118,0,0,0,0,0,0,0,0,0,0,0,0,0,0,0,0,0,0,0,0,0,0,0,0,0,0,0,0,0,0,0,0,0,3.7037037037037037,0,0,0,0,
follow,2,0,0,0,0,0,0,0,0,0,0,0,0,0,0,0,0,0,0,1.2195121951219512,1.7391304347826086,0,0,0,10.0,0,0,0,0,0,0,0,0,0,0,0,0,0,0,2.6666666666666665,0,0,0,0,0,0,0,0,0,
for,5,0,0,0,0,0,0,0,0,0,1.091703056768559,0,0,0,0,0,3.8461538461538463,0,0,0,0,0,0,0,0,0,0,0,0,0,0,0,0,0,0,0,0,0,0,0,0,0,0,0,0,0,0,0,0,
forgot,2,0,0,0,0,0,0,0,0,0,0,1.3793103448275863,0,0,0,0,0,0,0,1.2195121951219512,0,0,0,0,0,0,0,66.66666666666667,0,0,0,0,0,0,0,2.985074626865672,0,0,0,0,0,0,0,0,0,0,0,0,0,
get,2,0,0,0,0,0,0,0,0,0,0,0,0,0,0,0,0,0,0,1.2195121951219512,0,0,0,0,0,0,0,0,0,0,0,0,0,0,0,0,0,0,0,2.6666666666666665,0,0,0,0,0,0,0,0,0,
give,1,0,0,0,0,0,0,0,0,0,0,0,0,0,0,0,0,0,0,0.6097560975609756,0,0,0.8695652173913043,0,0,0,0,0,0,0,0,0,0,0,0,0,0,0,0,1.3333333333333333,0,0,0,0,0,0,0,0,0,
go,2,0,0,0,0,0,0,0,0,0,0,0,0,0,0,0,0,0,0,1.2195121951219512,1.7391304347826086,0,0,0,10.0,0,0,0,0,0,0,0,0,0,0,0,0,0,0,2.6666666666666665,0,0,0,0,0,0,0,0,0,
group,1,0,0,0,0,0,0,0,0,0,0,0,0,0,0,0,0,0,0,0,0,0,0.8695652173913043,0,0,0,0,0,0,0,0,0,0,0,0,0,0,0,0,0,0,0,0,0,0,0,0,0,0,
had,1,0,0,0,0,0,0,0,0,0,0.2183406113537118,0,0,0,0,0,0,0,0,0.6097560975609756,0,0,0,0,0,0,0,0,0,0,0,0,0,0,0,1.492537313432836,0,0,0,0,0,0,0,1.5873015873015872,0,0,0,0,0,
has,1,0,0,0,0,0,0,0,0,0,0.2183406113537118,0,0,0,0,0,0,0,0,0.6097560975609756,0,0,0,0,0,0,0,0,0,0,0,0,0,0,0,0,0,0,0,1.3333333333333333,0,0,0,1.5873015873015872,0,0,0,0,0,
hasn't,1,0,0,0,0,0,0,0,0,0,0.2183406113537118,0,0,0,0,0,0,0,0,0.6097560975609756,0,0,0,0,0,0,0,0,4.761904761904762,0,0,0,0,0,0,0,0,0,0,1.3333333333333333,0,0,0,1.5873015873015872,0,0,0,0,0,
have,6,0,0,0,0,0,0,0,0,0,1.3100436681222707,0,0,0,0,0,0,0,0,3.658536585365854,0,0,0,0,0,0,0,0,0,0,0,0,0,0,0,0,0,0,0,8.0,0,0,0,9.523809523809524,0,0,0,0,0,
haven't,1,0,0,0,0,0,0,0,0,0,0.2183406113537118,0,0,0,0,0,0,0,0,0.6097560975609756,0,0,0,0,0,0,0,0,4.761904761904762,0,0,0,0,0,0,0,0,0,0,1.3333333333333333,0,0,0,1.5873015873015872,0,0,0,0,0,
he,1,0,0,0,0,0,0,0,0,0,0.2183406113537118,0,0,0,0,0,0,0,0,0,0,0,0.8695652173913043,0,0,0,0,0,0,100.0,1.1494252873563218,0.8695652173913043,0,0,0,0,0,0,0,0,0,0,0,0,0,0,0,0,0,
help,1,0,0,0,0,0,0,0,0,0,0,0,0,0,0,0,0,0,0,0,0,0,0.8695652173913043,0,0,0,0,0,0,0,0,0,0,0,0,0,0,0,0,0,0,0,0,0,0,0,0,0,0,
here,4,0,0,0,0,0,0,0,0,0,0.8733624454148472,0,0,0,0,0,0,0,12.903225806451612,0,0,0,0,0,0,0,0,0,0,0,0,0,0,0,0,0,0,0,0,0,0,0,0,0,0,0,0,0,0,
hi,6,0,0,0,0,0,0,0,0,0,0,0,0,0,0,0,0,0,0,0,0,0,5.217391304347826,0,0,0,0,0,0,0,0,0,0,0,0,0,0,0,0,0,0,0,0,0,0,0,0,0,0,
how,1,0,0,12.5,0,0,2.0,0,0,0,0.2183406113537118,0.6896551724137931,0,0,0,0,0,0,3.225806451612903,0,0,0,0,0,0,0,0,0,0,0,0,0,0,0,0,0,0,0,0,0,0,0,0,0,0,0,0,0,0,
i,23,0,0,0,0,0,0,0,0,0,5.021834061135372,0,0,0,0,0,0,0,0,0,0,0,0,0,0,0,0,0,0,0,26.436781609195403,20.0,0,0,0,0,0,0,63.888888888888886,0,0,0,0,0,0,0,0,0,0,
i'll,1,0,0,0,0,0,0,0,0,0,0.2183406113537118,0,0,0,0,0,0,0,0,0.6097560975609756,0,8.333333333333334,0,0,0,0,0,0,0,0,1.1494252873563218,0.8695652173913043,0,0,0,0,0,0,2.7777777777777777,0,0,0,0,1.5873015873015872,0,0,0,0,0,
id,2,0,0,0,0,0,0,0,0,0,0.4366812227074236,0,0,0,0,0,0,0,0,1.2195121951219512,0,0,0,0,0,0,0,0,0,0,2.2988505747126435,1.7391304347826086,0,0,0,0,0,0,5.555555555555555,0,0,0,0,3.1746031746031744,0,0,0,0,0,
if,3,0,0,0,15.0,0,6.0,0,0,0,0.6550218340611353,2.0689655172413794,0,0,0,0,0,0,0,0,0,0,0,0,0,0,0,0,0,0,0,0,18.75,0,0,0,0,0,0,0,0,0,0,0,0,16.666666666666668,0,0,0,
in,4,0,0,0,0,0,0,0,0,0,0.8733624454148472,0,5.714285714285714,0,0,0,3.076923076923077,0,0,0,3.4782608695652173,0,0,0,0,0,0,0,0,0,0,0,0,0,0,0,0,0,0,0,0,0,0,0,0,0,0,0,0,
information,1,0,0,0,0,0,0,0,0,5.555555555555555,0,0.6896551724137931,0,0,0,0,0,0,0,0,0,0,0,0,0,0,0,0,0,0,0,0,0,0,0,0,0,0,0,0,0,0,0,0,0,0,0,0,0,
is,4,0,0,0,0,0,0,0,0,0,0.8733624454148472,0,0,0,0,0,0,0,0,2.4390243902439024,0,0,0,0,0,0,0,0,0,0,0,0,0,0,0,0,0,0,0,5.333333333333333,0,0,0,6.349206349206349,0,0,0,0,0,
isn't,1,0,0,0,0,0,0,0,0,0,0.2183406113537118,0,0,0,0,0,0,0,0,0.6097560975609756,0,0,0,0,0,0,0,0,4.761904761904762,0,0,0,0,0,0,0,0,0,0,1.3333333333333333,0,0,0,1.5873015873015872,0,0,0,0,0,
it,12,0,0,0,0,0,0,0,0,0,2.6200873362445414,0,0,0,0,0,0,0,0,0,0,0,0,0,0,0,0,0,0,0,0,10.434782608695652,0,0,0,0,42.857142857142854,0,0,0,0,0,0,0,0,0,0,0,0,
just,1,0,0,0,0,0,0,0,0,0,0.2183406113537118,0.6896551724137931,0,0,0,0,0,0,3.225806451612903,0,0,0,0,0,0,0,0,0,0,0,0,0,0,0,0,0,0,0,0,0,0,0,0,0,0,5.555555555555555,0,0,0,
keep,1,0,0,0,0,0,0,0,0,0,0,0.6896551724137931,0,0,0,0,0,0,0,0.6097560975609756,0,0,0,0,0,0,0,33.333333333333336,0,0,0,0,0,0,0,0,0,0,0,1.3333333333333333,0,0,0,0,0,0,0,0,0,
know,2,0,0,0,0,0,0,0,0,11.11111111111111,0,1.3793103448275863,0,0,0,0,0,0,0,1.2195121951219512,0,0,0,0,0,0,0,0,0,0,0,0,0,0,0,0,0,0,0,2.6666666666666665,0,0,0,0,0,0,0,0,0,
last,1,0,0,0,0,0,0,0,0,0,0,0,0,0,0,4.166666666666667,0,0,0,0,0.8695652173913043,0,0,0,0,0,0,0,0,0,0,0,0,0,0,0,0,0,0,0,0,0,0,0,0,0,0,0,0,
later,1,0,0,0,0,0,0,0,0,0,0,0,0,0,0,4.166666666666667,0,0,0,0,0.8695652173913043,0,0,0,0,0,0,0,0,0,0,0,0,0,0,0,0,0,0,0,0,0,0,0,0,0,0,0,0,
learn,6,0,0,0,0,0,0,0,0,33.333333333333336,0,4.137931034482759,0,0,0,0,0,0,0,0,0,0,0,0,0,0,21.428571428571427,0,0,0,0,0,0,0,0,0,0,0,0,0,0,0,0,0,0,0,0,0,0,
let,2,0,0,0,0,0,0,0,0,0,0.4366812227074236,0,0,0,0,0,0,0,0,1.2195121951219512,0,0,0,0,0,0,0,0,0,0,0,0,0,0,0,0,0,0,0,0,0,0,0,3.1746031746031744,0,0,0,0,0,
link,2,0,0,0,0,0,0,0,0,11.11111111111111,0,1.3793103448275863,0,0,0,0,0,0,0,0,0,0,0,0,0,0,0,0,0,0,0,0,0,0,0,0,0,0,0,0,0,0,0,0,0,0,0,0,0,
looks,1,0,0,0,0,0,0,9.090909090909092,0,0,0,0,0,0,0,0,0,0,0,0.6097560975609756,0,0,0,0,0,0,0,0,0,0,0,0,0,0,0,0,0,0,0,1.3333333333333333,0,25.0,0,0,0,0,0,0,0,
lot,1,0,0,0,0,0,0,0,0,0,0.2183406113537118,0.6896551724137931,0,0,0,0,0,0,0,0,0,0,0,0,0,0,0,0,0,0,0,0,6.25,0,0,0,0,0,0,0,0,0,0,0,3.7037037037037037,0,0,0,0,
make,2,0,0,25.0,0,0,0,0,0,0,0,1.3793103448275863,0,0,0,0,0,0,0,1.2195121951219512,0,0,0,0,0,0,0,0,0,0,0,0,0,0,0,0,0,0,0,2.6666666666666665,0,0,0,0,0,0,0,0,0,
many,1,0,0,0,0,0,0,0,0,0,0.2183406113537118,0,0,0,0,0,0,0,0,0,0,0,0,0,0,0,0,0,0,0,0,0,0,0,0,0,0,0,0,0,0,0,0,0,3.7037037037037037,0,0,0,0,
maybe,1,0,0,0,0,0,0,0,0,0,0.2183406113537118,0.6896551724137931,0,0,0,0,0,0,3.225806451612903,0,0,0,0,0,0,0,0,0,0,0,0,0,6.25,0,0,0,0,0,0,0,0,0,0,0,0,0,0,0,0,
me,7,0,0,0,0,0,0,0,0,0,1.5283842794759825,0,0,0,0,0,0,0,0,0,0,0,0,0,0,0,0,0,0,0,8.045977011494253,6.086956521739131,0,0,0,0,0,0,19.444444444444443,0,0,0,0,0,0,0,0,0,0,
meet,2,0,0,0,0,0,0,0,0,0,0,0,0,0,0,0,0,0,0,0,0,0,1.7391304347826086,0,0,0,0,0,0,0,0,0,0,0,0,0,0,0,0,0,0,0,0,0,0,0,0,0,0,
mention,1,0,0,0,0,0,0,0,0,0,0,0,0,0,0,0,0,0,0,0,0,0,0.8695652173913043,0,0,0,0,0,0,0,0,0,0,0,0,0,0,0,0,0,0,0,0,0,0,0,0,0,0,
might,2,0,0,0,0,0,0,0,0,0,0.4366812227074236,1.3793103448275863,0,0,0,0,0,0,0,1.2195121951219512,0,16.666666666666668,0,0,0,0,0,0,0,0,0,0,12.5,0,0,0,0,0,0,0,0,0,0,3.1746031746031744,0,0,0,0,0,
missing,1,0,0,0,0,100.0,0,0,0,0,0,0,0,1.5151515151515151,20.0,0,0,0,0,0,0,0,0,0,0,0,0,0,0,0,0,0,0,0,0,0,0,0,0,0,0,0,0,0,0,0,0,0,0,
more,8,0,0,0,0,0,0,0,0,0,1.7467248908296944,0,0,0,0,0,0,0,0,0,0,0,0,0,0,0,0,0,0,0,0,0,0,0,0,0,0,0,0,0,0,0,0,0,29.62962962962963,0,0,0,0,
move,1,0,0,0,0,0,0,0,0,0,0,0,0,0,0,0,0,0,0,0,0.8695652173913043,0,0,0,5.0,0,0,0,0,0,0,0,0,0,0,0,0,0,0,0,0,0,0,0,0,0,0,0,0,
my,3,0,0,0,0,0,0,0,0,0,0.6550218340611353,0,0,0,0,0,0,0,0,0,0,0,0,0,0,0,0,0,0,0,3.4482758620689653,2.608695652173913,0,0,0,0,0,0,8.333333333333334,0,0,0,0,0,0,0,0,0,0,
need,8,0,0,0,40.0,0,0,0,0,0,0,5.517241379310345,0,0,0,0,0,0,0,4.878048780487805,0,0,0,0,0,0,0,0,0,0,0,0,0,0,0,0,0,0,0,10.666666666666666,0,0,0,0,0,0,0,0,0,
no,8,0,0,0,0,0,0,0,0,0,1.7467248908296944,0,0,0,0,0,0,0,0,0,0,0,0,0,0,0,0,0,38.095238095238095,0,0,0,0,0,0,0,0,0,0,0,0,0,0,0,0,0,0,0,0,
not,7,0,0,0,0,0,0,0,0,0,1.5283842794759825,4.827586206896552,0,0,0,0,0,0,0,0,0,0,0,0,0,0,0,0,33.333333333333336,0,0,0,0,0,0,0,0,0,0,0,0,0,0,0,0,38.888888888888886,0,0,0,
now,2,0,0,0,0,0,0,0,0,0,0.4366812227074236,0,0,0,0,8.333333333333334,0,0,6.451612903225806,0,1.7391304347826086,0,0,0,0,0,0,0,0,0,0,0,0,0,0,0,0,0,0,0,0,0,0,0,0,0,0,0,0,
of,6,0,0,0,0,0,0,0,0,0,1.3100436681222707,0,0,0,0,0,4.615384615384615,0,0,0,0,0,0,0,0,0,0,0,0,0,0,0,0,0,0,0,0,0,0,0,0,0,0,0,0,0,0,0,0,
office,2,0,0,0,0,0,0,0,0,0,0,0,0,0,0,0,0,0,0,0,0,0,0,0,0,0,7.142857142857143,0,0,0,0,0,0,0,0,0,0,0,0,0,0,0,0,0,0,0,0,0,0,
okay,1,0,0,0,0,0,0,0,0,0,0,0,0,1.5151515151515151,0,0,0,0,0,0,0,0,0,0,0,0,0,0,0,0,0,0,0,0,0,0,0,33.333333333333336,0,0,0,0,0,0,0,0,0,0,3.5714285714285716,
on,36,0,0,0,0,0,0,0,0,0,7.860262008733624,0,51.42857142857143,0,0,0,27.692307692307693,0,0,0,31.304347826086957,0,0,0,0,0,0,0,0,0,0,0,0,0,0,0,0,0,0,0,0,0,0,0,0,0,0,0,0,
one,1,0,0,0,0,0,0,0,0,0,0.2183406113537118,0,0,0,0,0,0,0,0,0,0,0,0,0,0,0,0,0,0,0,0,0,0,0,12.5,0,0,0,0,0,0,0,0,0,0,0,0,0,0,
only,1,0,0,0,0,0,0,0,0,0,0.2183406113537118,0,0,0,0,0,0,0,3.225806451612903,0,0,0,0,0,0,0,0,0,0,0,0,0,0,0,0,0,0,0,0,0,0,0,0,0,0,0,0,0,0,
or,1,0,0,0,0,0,2.0,0,0,0,0.2183406113537118,0.6896551724137931,0,0,0,0,0,0,0,0,0,0,0,0,0,0,0,0,0,0,0,0,6.25,0,0,0,0,0,0,0,0,0,0,0,0,5.555555555555555,0,0,0,
other,2,0,0,0,0,0,0,0,0,0,0.4366812227074236,0,0,0,0,0,0,0,0,0,0,0,0,0,0,0,0,0,0,0,0,1.7391304347826086,0,0,0,0,7.142857142857143,0,0,0,0,0,0,0,0,0,0,0,0,
our,2,0,0,0,0,0,0,0,0,0,0.4366812227074236,0,0,0,0,0,0,0,0,0,0,0,1.7391304347826086,0,0,0,0,0,0,0,2.2988505747126435,1.7391304347826086,0,0,0,0,0,0,0,0,0,0,0,0,0,0,0,22.22222222222222,0,
page,4,0,0,0,0,0,0,0,0,0,0,0,0,0,0,0,0,0,0,0,0,0,0,0,0,0,0,0,0,0,0,0,0,0,0,0,0,0,0,0,0,0,0,0,14.814814814814815,0,0,0,0,
please,5,0,0,0,0,0,0,0,0,0,0,0,0,7.575757575757576,0,0,0,0,0,0,0,0,0,0,0,0,0,0,0,0,0,0,0,0,0,0,0,0,0,0,0,0,0,0,0,0,0,0,17.857142857142858,
problem,2,0,0,0,10.0,0,0,0,0,0,0,1.3793103448275863,0,3.0303030303030303,40.0,0,0,0,0,0,0,0,0,0,0,0,0,0,0,0,0,0,0,0,0,0,0,0,0,0,0,0,0,0,0,0,0,0,0,
professor,5,0,0,0,0,0,0,0,0,0,0,0,0,0,0,0,0,0,0,0,0,0,0,0,0,0,17.857142857142858,0,0,0,0,0,0,0,0,0,0,0,0,0,0,0,0,0,0,0,0,0,0,
progress,1,0,0,0,0,0,0,0,6.25,0,0,0,0,0,0,0,0,0,0,0,0,0,0,0,0,0,0,0,0,0,0,0,0,0,0,0,0,0,0,0,0,0,0,0,0,0,0,0,0,
ran,1,0,0,0,0,0,0,0,0,0,0,0,0,0,0,0,0,0,0,0.6097560975609756,0.8695652173913043,0,0,0,5.0,0,0,0,0,0,0,0,0,0,0,1.492537313432836,0,0,0,0,0,0,0,0,0,0,0,0,0,
report,2,0,0,0,0,0,0,0,0,0,0,0,0,0,0,0,0,0,0,0,0,0,0,0,0,0,7.142857142857143,0,0,0,0,0,0,0,0,0,0,0,0,0,0,0,0,0,0,0,0,0,0,
request,5,0,0,0,0,0,0,0,0,0,0,0,0,0,0,0,0,0,0,0,0,0,4.3478260869565215,0,0,0,0,0,0,0,0,0,0,0,0,0,0,0,0,0,0,0,0,0,0,0,0,0,0,
right,1,0,0,0,0,0,0,0,0,0,0,0,1.4285714285714286,0,0,0,0,0,0,0,0.8695652173913043,0,0,0,0,0,0,0,0,0,0,0,0,0,0,0,0,0,0,0,0,0,0,0,0,0,0,0,0,
said,7,0,0,0,0,0,0,63.63636363636363,0,0,0,0,0,0,0,0,0,100.0,0,4.2682926829268295,0,0,6.086956521739131,0,0,0,0,0,0,0,0,0,0,0,0,10.447761194029852,0,0,0,0,0,0,0,0,0,0,0,0,0,
sat,6,0,0,0,0,0,0,0,0,0,0,0,0,0,0,0,0,0,0,3.658536585365854,0,0,0,0,0,0,0,0,0,0,0,0,0,0,0,8.955223880597014,0,0,0,0,0,0,0,0,0,0,0,0,0,
screen,2,0,0,0,0,0,0,18.181818181818183,0,0,0,0,0,0,0,0,0,0,0,0,0,0,0,0,0,0,0,0,0,0,0,0,0,0,0,0,0,0,0,0,0,50.0,0,0,0,0,0,0,0,
see,1,0,0,0,0,0,0,9.090909090909092,0,0,0,0,0,0,0,0,0,0,0,0.6097560975609756,0,0,0,0,0,0,0,0,0,0,0,0,0,0,0,0,0,0,0,1.3333333333333333,0,25.0,0,0,0,0,0,0,0,
send,4,0,0,0,0,0,0,0,0,0,0,0,0,0,0,0,0,0,0,0,3.4782608695652173,0,3.4782608695652173,0,20.0,0,0,0,0,0,0,0,0,0,0,0,0,0,0,0,0,0,0,0,0,0,0,0,0,
sent,5,0,0,0,0,0,0,0,0,0,0,0,0,0,0,0,0,0,0,3.048780487804878,4.3478260869565215,0,4.3478260869565215,0,25.0,0,0,0,0,0,0,0,0,0,0,7.462686567164179,0,0,0,0,0,0,0,0,0,0,0,0,0,
should,1,0,0,0,5.0,0,0,0,0,0,0.2183406113537118,0.6896551724137931,0,0,0,0,0,0,0,0.6097560975609756,0,8.333333333333334,0,0,0,0,0,0,0,0,0,0,0,0,0,0,0,0,0,0,0,0,0,1.5873015873015872,0,0,0,0,0,
so,4,0,0,0,0,0,8.0,0,0,0,0.8733624454148472,0,0,0,0,0,0,0,12.903225806451612,0,0,0,0,0,0,0,0,0,0,0,0,0,0,0,0,0,0,0,0,0,0,0,0,0,0,0,0,0,0,
some,3,0,0,0,0,0,0,0,0,0,0.6550218340611353,2.0689655172413794,0,0,0,0,0,0,0,0,0,0,0,0,0,0,0,0,0,0,0,0,18.75,0,0,0,0,0,0,0,0,0,0,0,11.11111111111111,0,0,0,0,
something,2,0,0,0,0,0,0,0,0,0,0.4366812227074236,1.3793103448275863,0,0,0,0,0,0,0,0,0,0,0,0,0,0,0,0,0,0,0,1.7391304347826086,12.5,0,0,0,7.142857142857143,0,0,0,0,0,0,0,0,11.11111111111111,0,0,0,
sorry,1,0,0,0,0,0,0,0,0,0,0,0,0,1.5151515151515151,20.0,0,0,0,0,0,0,0,0,0,0,0,0,0,0,0,0,0,0,0,0,0,0,0,0,0,0,0,0,0,0,0,0,0,0,
spent,1,0,0,0,0,0,0,0,0,0,0,0,0,0,0,0,0,0,0,0.6097560975609756,0,0,0,14.285714285714286,0,0,0,0,0,0,0,0,0,0,0,1.492537313432836,0,0,0,0,0,0,0,0,0,0,0,0,0,
start,1,0,0,0,0,0,0,0,0,0,0,0,0,0,0,4.166666666666667,0,0,0,0.6097560975609756,0.8695652173913043,0,0,0,0,0,0,0,0,0,0,0,0,0,0,0,0,0,0,1.3333333333333333,0,0,0,0,0,0,0,0,0,
starts,1,0,0,0,0,0,0,0,0,0,0,0,0,0,0,4.166666666666667,0,0,0,0.6097560975609756,0.8695652173913043,0,0,0,0,0,0,0,0,0,0,0,0,0,0,0,0,0,0,1.3333333333333333,0,0,0,0,0,0,0,0,0,
steps,1,0,0,0,0,0,0,0,0,0,0,0,0,0,0,0,0,0,0,0,0.8695652173913043,0,0,0,5.0,0,0,0,0,0,0,0,0,0,0,0,0,0,0,0,0,0,0,0,0,0,0,0,0,
student,1,0,0,0,0,0,0,0,0,0,0,0,0,0,0,0,0,0,0,0,0,0,0,0,0,0,3.5714285714285716,0,0,0,0,0,0,0,0,0,0,0,0,0,0,0,0,0,0,0,0,0,0,
sure,2,0,0,0,0,0,0,0,0,0,0,1.3793103448275863,0,3.0303030303030303,0,0,0,0,0,0,0,0,0,0,0,0,0,0,0,0,0,0,0,0,0,0,0,0,0,0,0,0,0,0,0,0,33.333333333333336,0,7.142857142857143,
system,1,0,0,0,0,0,0,0,0,0,0,0,0,0,0,0,0,0,0,0,0.8695652173913043,0,0,0,0,0,0,0,0,0,0,0,0,0,0,0,0,0,0,0,0,0,0,0,0,0,0,0,0,
test,1,0,0,0,0,0,0,0,0,0,0,0,0,0,0,0,0,0,0,0,0,0,0,0,0,0,3.5714285714285716,0,0,0,0,0,0,0,0,0,0,0,0,0,0,0,0,0,0,0,0,0,0,
thank,1,0,0,0,0,0,0,0,0,0,0,0,0,1.5151515151515151,0,0,0,0,0,0.6097560975609756,0,0,0,0,0,0,0,0,0,0,0,0,0,0,0,0,0,0,0,1.3333333333333333,0,0,0,0,0,0,0,0,3.5714285714285716,
thanks,12,0,0,0,0,0,0,0,0,0,0,0,0,18.181818181818183,0,0,0,0,0,7.317073170731708,0,0,0,0,0,0,0,0,0,0,0,0,0,0,0,0,0,0,0,16.0,0,0,0,0,0,0,0,0,42.857142857142854,
that,5,0,0,0,0,0,0,0,0,0,1.091703056768559,0,0,0,0,0,0,0,0,0,0,0,0,0,0,0,0,0,0,0,0,4.3478260869565215,0,0,0,0,17.857142857142858,0,0,0,0,0,0,0,0,0,0,0,0,
the,34,0,0,0,0,0,0,0,0,0,7.423580786026201,0,0,0,0,0,0,0,0,0,0,0,0,0,0,0,0,0,0,0,0,0,0,0,0,0,0,0,0,0,0,0,80.95238095238095,0,0,0,0,0,0,
them,1,0,100.0,0,0,0,0,0,0,0,0.2183406113537118,0,0,0,0,0,0,0,0,0,0,0,0.8695652173913043,0,0,0,0,0,0,0,1.1494252873563218,0.8695652173913043,0,0,0,0,0,0,0,0,0,0,0,0,0,0,0,0,0,
then,3,0,0,0,0,0,6.0,0,0,0,0.6550218340611353,0,0,0,0,12.5,0,0,0,0,2.608695652173913,0,0,0,0,0,0,0,0,0,0,0,0,0,0,0,0,0,0,0,0,0,0,0,0,0,0,0,0,
there,5,0,0,0,0,0,0,0,0,0,1.091703056768559,0,0,0,0,0,0,0,16.129032258064516,0,0,0,0,0,0,0,0,0,0,0,0,0,0,0,0,0,0,0,0,0,0,0,0,0,0,0,0,0,0,
these,2,0,0,0,0,0,0,0,0,0,0.4366812227074236,0,0,0,0,0,0,0,0,0,0,0,0,0,0,0,0,0,0,0,0,1.7391304347826086,0,0,0,0,7.142857142857143,0,0,0,0,0,0,0,0,0,0,0,0,
third,1,0,0,0,0,0,0,0,0,0,0.2183406113537118,0,0,0,0,0,0,0,0,0,0,0,0,0,0,0,0,0,0,0,0,0,0,0,12.5,0,0,0,0,0,0,0,0,0,0,0,0,0,0,
this,4,0,0,0,0,0,0,0,0,0,0.8733624454148472,0,0,0,0,0,0,0,0,0,0,0,0,0,0,0,0,0,0,0,0,3.4782608695652173,0,0,0,0,14.285714285714286,0,0,0,0,0,0,0,0,0,0,0,0,
three,2,0,0,0,0,0,0,0,0,0,0.4366812227074236,0,0,0,0,0,0,0,0,0,0,0,0,0,0,0,0,0,0,0,0,0,0,0,25.0,0,0,0,0,0,0,0,0,0,0,0,0,0,0,
through,1,0,0,0,0,0,0,0,0,0,0.2183406113537118,0,0,0,0,0,0.7692307692307693,0,0,0,0,0,0,0,0,0,0,0,0,0,0,0,0,0,0,0,0,0,0,0,0,0,0,0,0,0,0,0,0,
time,2,0,0,0,0,0,0,0,0,0,0,0,0,0,0,8.333333333333334,0,0,0,0,1.7391304347826086,0,0,0,0,0,0,0,0,0,0,0,0,0,0,0,0,0,0,0,0,0,0,0,0,0,0,0,0,
to,36,0,0,0,0,0,0,0,0,0,7.860262008733624,0,0,0,0,0,27.692307692307693,0,0,0,0,0,0,0,0,0,0,0,0,0,0,0,0,0,0,0,0,0,0,0,0,0,0,0,0,0,0,0,0,
today,1,0,0,0,0,0,0,0,0,0,0,0,0,0,0,4.166666666666667,0,0,0,0,0.8695652173913043,0,0,0,0,0,0,0,0,0,0,0,0,0,0,0,0,0,0,0,0,0,0,0,0,0,0,0,0,
together,2,0,0,0,0,0,0,0,0,0,0,0,2.857142857142857,0,0,0,0,0,0,0,1.7391304347826086,0,0,0,0,0,0,0,0,0,0,0,0,0,0,0,0,0,0,0,0,0,0,0,0,0,0,0,0,
tomorrow,1,0,0,0,0,0,0,0,0,0,0,0,0,0,0,4.166666666666667,0,0,0,0,0.8695652173913043,0,0,0,0,0,0,0,0,0,0,0,0,0,0,0,0,0,0,0,0,0,0,0,0,0,0,0,0,
tonight,1,0,0,0,0,0,0,0,0,0,0,0,0,0,0,4.166666666666667,0,0,0,0,0.8695652173913043,0,0,0,0,0,0,0,0,0,0,0,0,0,0,0,0,0,0,0,0,0,0,0,0,0,0,0,0,
tried,3,0,0,0,0,0,0,0,18.75,0,0,0,0,0,0,0,0,0,0,1.829268292682927,0,0,0,0,0,0,0,0,0,0,0,0,0,0,0,4.477611940298507,0,0,0,0,0,0,0,0,0,0,0,0,0,
try,2,0,0,0,0,0,0,0,12.5,0,0,0,0,0,0,0,0,0,0,1.2195121951219512,0,0,0,0,0,0,0,0,0,0,0,0,0,0,0,0,0,0,0,2.6666666666666665,0,0,0,0,0,0,0,0,0,
two,4,0,0,0,0,0,0,0,0,0,0.8733624454148472,0,0,0,0,0,0,0,0,0,0,0,0,0,0,0,0,0,0,0,0,0,0,0,50.0,0,0,0,0,0,0,0,0,0,0,0,0,0,0,
type,1,0,0,0,0,0,0,0,0,0,0,0,0,0,0,0,0,0,0,0,0,0,0,0,0,0,3.5714285714285716,0,0,0,0,0,0,0,0,0,0,0,0,0,0,0,0,0,0,0,0,0,0,
unable,1,0,0,0,0,0,0,0,6.25,0,0,0,0,0,0,0,0,0,0,0,0,0,0,0,0,0,0,0,0,0,0,0,0,0,0,0,0,0,0,0,0,0,0,0,0,0,0,0,0,
until,1,0,0,0,0,0,2.0,0,0,0,0.2183406113537118,0,0,0,0,4.166666666666667,0.7692307692307693,0,0,0,0.8695652173913043,0,0,0,0,0,0,0,0,0,0,0,0,0,0,0,0,0,0,0,0,0,0,0,0,0,0,0,0,
us,3,0,0,0,0,0,0,0,0,0,0.6550218340611353,0,0,0,0,0,0,0,0,0,0,0,2.608695652173913,0,0,0,0,0,0,0,3.4482758620689653,2.608695652173913,0,0,0,0,0,0,0,0,0,0,0,0,0,0,0,33.333333333333336,0,
use,2,0,0,25.0,0,0,0,0,0,0,0,1.3793103448275863,0,0,0,0,0,0,0,1.2195121951219512,0,0,0,0,0,0,0,0,0,0,0,0,0,0,0,0,0,0,0,2.6666666666666665,0,0,0,0,0,0,0,0,0,
very,1,0,0,0,0,0,0,0,0,0,0.2183406113537118,0,0,0,0,0,0,0,3.225806451612903,0,0,0,0,0,0,0,0,0,0,0,0,0,0,0,0,0,0,0,0,0,0,0,0,0,0,0,0,0,0,
want,2,0,0,0,10.0,0,0,0,0,0,0,1.3793103448275863,0,0,0,0,0,0,0,1.2195121951219512,0,0,0,0,0,0,0,0,0,0,0,0,0,0,0,0,0,0,0,2.6666666666666665,0,0,0,0,0,0,0,0,0,
was,1,0,0,0,0,0,0,0,0,0,0.2183406113537118,0,0,0,0,0,0,0,0,0.6097560975609756,0,0,0,0,0,0,0,0,0,0,0,0,0,0,0,1.492537313432836,0,0,0,0,0,0,0,1.5873015873015872,0,0,0,0,0,
we,3,0,0,0,0,0,0,0,0,0,0.6550218340611353,2.0689655172413794,0,0,0,0,0,0,0,0,0,0,2.608695652173913,0,0,7.317073170731708,0,0,0,0,3.4482758620689653,2.608695652173913,0,0,0,0,0,0,0,0,0,0,0,0,0,0,0,33.333333333333336,0,
we'll,1,0,0,0,0,0,0,0,0,0,0.2183406113537118,0,0,0,0,0,0,0,0,0.6097560975609756,0,8.333333333333334,0.8695652173913043,0,0,0,0,0,0,0,1.1494252873563218,0.8695652173913043,0,0,0,0,0,0,0,0,0,0,0,1.5873015873015872,0,0,0,11.11111111111111,0,
what,1,0,0,0,0,0,0,0,0,0,0.2183406113537118,0,0,0,0,0,0,0,0,0,0,0,0,0,0,0,0,0,0,0,0,0.8695652173913043,0,0,0,0,3.5714285714285716,0,0,0,0,0,0,0,0,0,0,0,0,
when,2,0,0,0,0,0,4.0,0,0,0,0.4366812227074236,0,0,0,0,8.333333333333334,0,0,6.451612903225806,0,1.7391304347826086,0,0,0,0,0,0,0,0,0,0,0,0,0,0,0,0,0,0,0,0,0,0,0,0,0,0,0,0,
will,5,0,0,0,0,0,0,0,0,0,1.091703056768559,0,0,0,0,0,0,0,0,3.048780487804878,0,41.666666666666664,0,0,0,0,0,0,0,0,0,0,0,0,0,0,0,0,0,0,0,0,0,7.936507936507937,0,0,0,0,0,
with,11,0,0,0,0,0,0,0,0,0,2.4017467248908297,7.586206896551724,0,0,0,0,8.461538461538462,0,0,0,0,0,0,0,0,26.829268292682926,0,0,0,0,0,0,0,0,0,0,0,0,0,0,0,0,0,0,0,0,0,0,0,
work,2,0,0,0,0,0,0,0,12.5,0,0,0,0,0,0,0,0,0,0,0,0,0,0,0,0,0,7.142857142857143,0,0,0,0,0,0,0,0,0,0,0,0,0,0,0,0,0,0,0,0,0,0,
worked,2,0,0,0,0,0,0,0,12.5,0,0,0,0,0,0,0,0,0,0,1.2195121951219512,0,0,0,0,0,0,7.142857142857143,0,0,0,0,0,0,0,0,2.985074626865672,0,0,0,0,0,0,0,0,0,0,0,0,0,
working,3,0,0,0,0,0,0,0,18.75,0,0,0,0,0,0,0,0,0,0,0,0,0,0,0,0,0,10.714285714285714,0,0,0,0,0,0,0,0,0,0,0,0,0,0,0,0,0,0,0,0,0,0,
works,1,0,0,0,0,0,0,0,6.25,0,0,0,0,0,0,0,0,0,0,0,0,0,0,0,0,0,3.5714285714285716,0,0,0,0,0,0,0,0,0,0,0,0,0,0,0,0,0,0,0,0,0,0,
would,2,0,0,0,10.0,0,0,0,0,0,0.4366812227074236,1.3793103448275863,0,0,0,0,0,0,0,1.2195121951219512,0,16.666666666666668,0,0,0,0,0,0,0,0,0,0,0,0,0,0,0,0,0,0,0,0,0,3.1746031746031744,0,0,0,0,0,
wrong,1,0,0,0,0,0,0,0,0,0,0,0,0,1.5151515151515151,20.0,0,0,0,0,0,0,0,0,0,0,0,0,0,0,0,0,0,0,0,0,0,0,0,0,0,0,0,0,0,0,0,0,0,0,
wrote,24,0,0,0,0,0,0,0,0,0,0,16.551724137931036,0,0,0,0,0,0,0,14.634146341463415,0,0,20.869565217391305,0,0,0,0,0,0,0,0,0,0,0,0,35.82089552238806,0,0,0,0,0,0,0,0,0,0,0,0,0,
ya,2,0,0,0,0,0,0,0,0,0,0.4366812227074236,0,0,0,0,0,0,0,0,0,0,0,1.7391304347826086,0,0,0,0,0,0,0,2.2988505747126435,1.7391304347826086,0,5.0,0,0,0,0,0,0,0,0,0,0,0,0,0,0,0,
yes,1,0,0,0,0,0,0,0,0,0,0,0,0,0,0,0,0,0,0,0,0,0,0,0,0,0,0,0,0,0,0,0,0,0,0,0,0,33.333333333333336,0,0,0,0,0,0,0,0,0,0,0,
you,28,0,0,0,0,0,0,0,0,0,6.11353711790393,0,0,0,0,0,0,0,0,0,0,0,24.347826086956523,0,0,0,0,0,0,0,32.18390804597701,24.347826086956523,0,70.0,0,0,0,0,0,0,0,0,0,0,0,0,0,0,0,
your,10,0,0,0,0,0,0,0,0,0,2.183406113537118,0,0,0,0,0,0,0,0,0,0,0,8.695652173913043,0,0,0,0,0,0,0,11.494252873563218,8.695652173913043,0,25.0,0,0,0,0,0,0,0,0,0,0,0,0,0,0,0,
yup,1,0,0,0,0,0,0,0,0,0,0,0,0,0,0,0,0,0,0,0,0,0,0,0,0,0,0,0,0,0,0,0,0,0,0,0,0,33.333333333333336,0,0,0,0,0,0,0,0,0,0,0,
