<?xml version='1.0' encoding='UTF-8'?>
<?artifactRepository version='1.1.0'?>
<repository name='Bundle pool' type='org.eclipse.equinox.p2.artifact.repository.simpleRepository' version='1'>
  <properties size='2'>
    <property name='p2.system' value='true'/>
    <property name='p2.timestamp' value='1408819972516'/>
  </properties>
  <mappings size='3'>
    <rule filter='(&amp; (classifier=osgi.bundle))' output='${repoUrl}/plugins/${id}_${version}.jar'/>
    <rule filter='(&amp; (classifier=binary))' output='${repoUrl}/binary/${id}_${version}'/>
    <rule filter='(&amp; (classifier=org.eclipse.update.feature))' output='${repoUrl}/features/${id}_${version}.jar'/>
  </mappings>
  <artifacts size='79'>
    <artifact classifier='osgi.bundle' id='edu.usc.pil.nlputils.plugins.wordcount' version='1.0.0.201408231152'>
      <properties size='1'>
        <property name='download.size' value='470347'/>
      </properties>
    </artifact>
    <artifact classifier='osgi.bundle' id='org.eclipse.e4.core.contexts' version='1.3.100.v20140407-1019'>
      <properties size='1'>
        <property name='download.size' value='49023'/>
      </properties>
    </artifact>
    <artifact classifier='osgi.bundle' id='org.w3c.dom.events' version='3.0.0.draft20060413_v201105210656'>
      <properties size='1'>
        <property name='download.size' value='13309'/>
      </properties>
    </artifact>
    <artifact classifier='osgi.bundle' id='org.eclipse.e4.ui.services' version='1.1.0.v20140328-1925'>
      <properties size='1'>
        <property name='download.size' value='26059'/>
      </properties>
    </artifact>
    <artifact classifier='osgi.bundle' id='org.eclipse.emf.ecore.change' version='2.10.0.v20140514-1158'>
      <properties size='1'>
        <property name='download.size' value='86652'/>
      </properties>
    </artifact>
    <artifact classifier='osgi.bundle' id='edu.usc.pil.nlputils.plugins.lda' version='1.0.0.201408231152'>
      <properties size='1'>
        <property name='download.size' value='4393573'/>
      </properties>
    </artifact>
    <artifact classifier='osgi.bundle' id='org.eclipse.emf.databinding' version='1.3.0.v20140519-0339'>
      <properties size='1'>
        <property name='download.size' value='89104'/>
      </properties>
    </artifact>
    <artifact classifier='osgi.bundle' id='org.eclipse.emf.ecore' version='2.10.0.v20140514-1158'>
      <properties size='1'>
        <property name='download.size' value='1189136'/>
      </properties>
    </artifact>
    <artifact classifier='osgi.bundle' id='edu.usc.pil.nlputils.plugins.preprocessorService' version='1.0.0.201408231152'>
      <properties size='1'>
        <property name='download.size' value='674264'/>
      </properties>
    </artifact>
    <artifact classifier='osgi.bundle' id='org.eclipse.e4.ui.workbench.swt' version='0.12.100.v20140530-1436'>
      <properties size='1'>
        <property name='download.size' value='184491'/>
      </properties>
    </artifact>
    <artifact classifier='osgi.bundle' id='org.eclipse.ui' version='3.106.0.v20140519-0906'>
      <properties size='1'>
        <property name='download.size' value='268702'/>
      </properties>
    </artifact>
    <artifact classifier='osgi.bundle' id='org.apache.batik.util.gui' version='1.7.0.v200903091627'>
      <properties size='1'>
        <property name='download.size' value='201287'/>
      </properties>
    </artifact>
    <artifact classifier='osgi.bundle' id='org.eclipse.ui.workbench' version='3.106.0.v20140530-0732'>
      <properties size='1'>
        <property name='download.size' value='4007047'/>
      </properties>
    </artifact>
    <artifact classifier='osgi.bundle' id='org.eclipse.equinox.launcher.win32.win32.x86_64' version='1.1.200.v20140603-1326'>
      <properties size='1'>
        <property name='download.size' value='29394'/>
      </properties>
      <repositoryProperties size='1'>
        <property name='artifact.folder' value='true'/>
      </repositoryProperties>
    </artifact>
    <artifact classifier='osgi.bundle' id='edu.usc.pil.nlputils.plugins.preprocessor' version='1.0.0.201408231152'>
      <properties size='1'>
        <property name='download.size' value='1572247'/>
      </properties>
    </artifact>
    <artifact classifier='osgi.bundle' id='edu.usc.pil.nlputils.plugins.senatecrawler' version='1.0.0.201408231152'>
      <properties size='1'>
        <property name='download.size' value='298885'/>
      </properties>
    </artifact>
    <artifact classifier='osgi.bundle' id='org.eclipse.core.jobs' version='3.6.0.v20140424-0053'>
      <properties size='1'>
        <property name='download.size' value='97549'/>
      </properties>
    </artifact>
    <artifact classifier='osgi.bundle' id='org.eclipse.swt.win32.win32.x86_64' version='3.103.0.v20140605-2012'>
      <properties size='1'>
        <property name='download.size' value='2708161'/>
      </properties>
    </artifact>
    <artifact classifier='osgi.bundle' id='org.apache.batik.util' version='1.7.0.v201011041433'>
      <properties size='1'>
        <property name='download.size' value='150535'/>
      </properties>
    </artifact>
    <artifact classifier='osgi.bundle' id='javax.xml' version='1.3.4.v201005080400'>
      <properties size='1'>
        <property name='download.size' value='237996'/>
      </properties>
    </artifact>
    <artifact classifier='osgi.bundle' id='org.eclipse.core.runtime' version='3.10.0.v20140318-2214'>
      <properties size='1'>
        <property name='download.size' value='75169'/>
      </properties>
    </artifact>
    <artifact classifier='osgi.bundle' id='org.eclipse.e4.ui.workbench3' version='0.12.0.v20140227-2118'>
      <properties size='1'>
        <property name='download.size' value='10248'/>
      </properties>
    </artifact>
    <artifact classifier='osgi.bundle' id='org.eclipse.core.databinding.beans' version='1.2.200.v20140214-0004'>
      <properties size='1'>
        <property name='download.size' value='76517'/>
      </properties>
    </artifact>
    <artifact classifier='osgi.bundle' id='org.eclipse.core.databinding.observable' version='1.4.1.v20140210-1835'>
      <properties size='1'>
        <property name='download.size' value='297390'/>
      </properties>
    </artifact>
    <artifact classifier='osgi.bundle' id='edu.usc.pil.nlputils.application' version='1.0.0.201408231152'>
      <properties size='1'>
        <property name='download.size' value='13046'/>
      </properties>
    </artifact>
    <artifact classifier='osgi.bundle' id='org.eclipse.equinox.util' version='1.0.500.v20130404-1337'>
      <properties size='1'>
        <property name='download.size' value='77932'/>
      </properties>
    </artifact>
    <artifact classifier='osgi.bundle' id='org.w3c.dom.smil' version='1.0.0.v200806040011'>
      <properties size='1'>
        <property name='download.size' value='15995'/>
      </properties>
    </artifact>
    <artifact classifier='osgi.bundle' id='org.eclipse.emf.ecore.xmi' version='2.10.0.v20140514-1158'>
      <properties size='1'>
        <property name='download.size' value='228994'/>
      </properties>
    </artifact>
    <artifact classifier='osgi.bundle' id='org.eclipse.osgi.services' version='3.4.0.v20140312-2051'>
      <properties size='1'>
        <property name='download.size' value='90686'/>
      </properties>
    </artifact>
    <artifact classifier='osgi.bundle' id='org.eclipse.core.runtime.compatibility.registry' version='3.5.300.v20140128-0851'>
      <properties size='1'>
        <property name='download.size' value='19010'/>
      </properties>
      <repositoryProperties size='1'>
        <property name='artifact.folder' value='true'/>
      </repositoryProperties>
    </artifact>
    <artifact classifier='osgi.bundle' id='org.eclipse.e4.core.di' version='1.4.0.v20140414-1837'>
      <properties size='1'>
        <property name='download.size' value='54286'/>
      </properties>
    </artifact>
    <artifact classifier='osgi.bundle' id='org.eclipse.swt' version='3.103.0.v20140605-2008'>
      <properties size='1'>
        <property name='download.size' value='18474'/>
      </properties>
    </artifact>
    <artifact classifier='osgi.bundle' id='javax.inject' version='1.0.0.v20091030'>
      <properties size='1'>
        <property name='download.size' value='12288'/>
      </properties>
    </artifact>
    <artifact classifier='osgi.bundle' id='edu.usc.pil.nlputils.plugins.zlda2' version='1.0.0.201408231152'>
      <properties size='1'>
        <property name='download.size' value='13933'/>
      </properties>
    </artifact>
    <artifact classifier='osgi.bundle' id='org.eclipse.osgi.compatibility.state' version='1.0.0.v20140403-1907'>
      <properties size='1'>
        <property name='download.size' value='242107'/>
      </properties>
    </artifact>
    <artifact classifier='osgi.bundle' id='org.apache.commons.logging' version='1.1.1.v201101211721'>
      <properties size='1'>
        <property name='download.size' value='74239'/>
      </properties>
    </artifact>
    <artifact classifier='osgi.bundle' id='org.eclipse.core.filesystem.win32.x86_64' version='1.4.0.v20140124-1940'>
      <properties size='1'>
        <property name='download.size' value='32009'/>
      </properties>
    </artifact>
    <artifact classifier='osgi.bundle' id='org.eclipse.core.expressions' version='3.4.600.v20140128-0851'>
      <properties size='1'>
        <property name='download.size' value='88716'/>
      </properties>
    </artifact>
    <artifact classifier='osgi.bundle' id='org.eclipse.core.resources' version='3.9.0.v20140514-1307'>
      <properties size='1'>
        <property name='download.size' value='832487'/>
      </properties>
    </artifact>
    <artifact classifier='osgi.bundle' id='org.eclipse.e4.core.di.extensions' version='0.12.0.v20140417-2033'>
      <properties size='1'>
        <property name='download.size' value='28576'/>
      </properties>
    </artifact>
    <artifact classifier='osgi.bundle' id='org.apache.batik.css' version='1.7.0.v201011041433'>
      <properties size='1'>
        <property name='download.size' value='343722'/>
      </properties>
    </artifact>
    <artifact classifier='osgi.bundle' id='org.eclipse.equinox.concurrent' version='1.1.0.v20130327-1442'>
      <properties size='1'>
        <property name='download.size' value='25493'/>
      </properties>
    </artifact>
    <artifact classifier='osgi.bundle' id='org.eclipse.equinox.common' version='3.6.200.v20130402-1505'>
      <properties size='1'>
        <property name='download.size' value='106701'/>
      </properties>
    </artifact>
    <artifact classifier='osgi.bundle' id='org.eclipse.core.contenttype' version='3.4.200.v20140207-1251'>
      <properties size='1'>
        <property name='download.size' value='93948'/>
      </properties>
    </artifact>
    <artifact classifier='osgi.bundle' id='org.eclipse.core.databinding.property' version='1.4.200.v20140214-0004'>
      <properties size='1'>
        <property name='download.size' value='169049'/>
      </properties>
    </artifact>
    <artifact classifier='osgi.bundle' id='org.eclipse.e4.ui.bindings' version='0.10.200.v20140424-2042'>
      <properties size='1'>
        <property name='download.size' value='49649'/>
      </properties>
    </artifact>
    <artifact classifier='osgi.bundle' id='org.eclipse.e4.ui.css.core' version='0.10.100.v20140424-2042'>
      <properties size='1'>
        <property name='download.size' value='207929'/>
      </properties>
    </artifact>
    <artifact classifier='osgi.bundle' id='org.eclipse.e4.core.services' version='1.2.0.v20140509-1840'>
      <properties size='1'>
        <property name='download.size' value='45518'/>
      </properties>
    </artifact>
    <artifact classifier='osgi.bundle' id='org.eclipse.e4.core.commands' version='0.10.2.v20140424-2344'>
      <properties size='1'>
        <property name='download.size' value='25577'/>
      </properties>
    </artifact>
    <artifact classifier='osgi.bundle' id='org.eclipse.core.commands' version='3.6.100.v20140528-1422'>
      <properties size='1'>
        <property name='download.size' value='109245'/>
      </properties>
    </artifact>
    <artifact classifier='osgi.bundle' id='org.eclipse.emf.common' version='2.10.0.v20140514-1158'>
      <properties size='1'>
        <property name='download.size' value='353447'/>
      </properties>
    </artifact>
    <artifact classifier='osgi.bundle' id='org.eclipse.e4.ui.widgets' version='1.0.0.v20140514-1823'>
      <properties size='1'>
        <property name='download.size' value='14566'/>
      </properties>
    </artifact>
    <artifact classifier='osgi.bundle' id='org.eclipse.e4.ui.workbench' version='1.1.0.v20140528-1949'>
      <properties size='1'>
        <property name='download.size' value='282418'/>
      </properties>
    </artifact>
    <artifact classifier='osgi.bundle' id='org.eclipse.osgi' version='3.10.0.v20140606-1445'>
      <properties size='1'>
        <property name='download.size' value='1264040'/>
      </properties>
    </artifact>
    <artifact classifier='osgi.bundle' id='edu.usc.pil.nlputils.plugins.zlda' version='1.0.0.201408231152'>
      <properties size='1'>
        <property name='download.size' value='9988652'/>
      </properties>
    </artifact>
    <artifact classifier='osgi.bundle' id='org.eclipse.e4.ui.workbench.renderers.swt' version='0.12.0.v20140521-1818'>
      <properties size='1'>
        <property name='download.size' value='358396'/>
      </properties>
    </artifact>
    <artifact classifier='osgi.bundle' id='org.eclipse.core.filesystem' version='1.4.100.v20140514-1614'>
      <properties size='1'>
        <property name='download.size' value='58234'/>
      </properties>
    </artifact>
    <artifact classifier='osgi.bundle' id='org.eclipse.equinox.registry' version='3.5.400.v20140428-1507'>
      <properties size='1'>
        <property name='download.size' value='183511'/>
      </properties>
    </artifact>
    <artifact classifier='osgi.bundle' id='org.eclipse.equinox.ds' version='1.4.200.v20131126-2331'>
      <properties size='1'>
        <property name='download.size' value='194802'/>
      </properties>
    </artifact>
    <artifact classifier='osgi.bundle' id='org.eclipse.equinox.app' version='1.3.200.v20130910-1609'>
      <properties size='1'>
        <property name='download.size' value='86245'/>
      </properties>
    </artifact>
    <artifact classifier='osgi.bundle' id='org.eclipse.equinox.launcher' version='1.3.0.v20140415-2008'>
      <properties size='1'>
        <property name='download.size' value='50200'/>
      </properties>
    </artifact>
    <artifact classifier='osgi.bundle' id='org.eclipse.jface.databinding' version='1.6.200.v20140528-1422'>
      <properties size='1'>
        <property name='download.size' value='278278'/>
      </properties>
    </artifact>
    <artifact classifier='osgi.bundle' id='org.eclipse.jface' version='3.10.0.v20140604-0740'>
      <properties size='1'>
        <property name='download.size' value='1149352'/>
      </properties>
    </artifact>
    <artifact classifier='osgi.bundle' id='org.eclipse.equinox.preferences' version='3.5.200.v20140224-1527'>
      <properties size='1'>
        <property name='download.size' value='127161'/>
      </properties>
    </artifact>
    <artifact classifier='osgi.bundle' id='org.eclipse.equinox.event' version='1.3.100.v20140115-1647'>
      <properties size='1'>
        <property name='download.size' value='32352'/>
      </properties>
    </artifact>
    <artifact classifier='osgi.bundle' id='org.eclipse.e4.ui.di' version='1.0.0.v20140328-2112'>
      <properties size='1'>
        <property name='download.size' value='15867'/>
      </properties>
    </artifact>
    <artifact classifier='osgi.bundle' id='org.eclipse.e4.ui.css.swt' version='0.11.100.v20140522-1045'>
      <properties size='1'>
        <property name='download.size' value='197129'/>
      </properties>
    </artifact>
    <artifact classifier='osgi.bundle' id='com.ibm.icu' version='52.1.0.v201404241930'>
      <properties size='1'>
        <property name='download.size' value='10731781'/>
      </properties>
    </artifact>
    <artifact classifier='osgi.bundle' id='org.eclipse.help' version='3.6.0.v20130326-1254'>
      <properties size='1'>
        <property name='download.size' value='258927'/>
      </properties>
    </artifact>
    <artifact classifier='osgi.bundle' id='org.eclipse.core.resources.win32.x86_64' version='3.5.0.v20140124-1940'>
      <properties size='1'>
        <property name='download.size' value='27687'/>
      </properties>
    </artifact>
    <artifact classifier='osgi.bundle' id='org.eclipse.e4.ui.workbench.addons.swt' version='1.1.0.v20140602-1537'>
      <properties size='1'>
        <property name='download.size' value='144116'/>
      </properties>
    </artifact>
    <artifact classifier='osgi.bundle' id='org.w3c.dom.svg' version='1.1.0.v201011041433'>
      <properties size='1'>
        <property name='download.size' value='87897'/>
      </properties>
    </artifact>
    <artifact classifier='osgi.bundle' id='edu.usc.pil.nlputils.plugins.nbclassifier' version='1.0.0.201408231152'>
      <properties size='1'>
        <property name='download.size' value='4404982'/>
      </properties>
    </artifact>
    <artifact classifier='osgi.bundle' id='org.eclipse.e4.ui.model.workbench' version='1.1.0.v20140512-1820'>
      <properties size='1'>
        <property name='download.size' value='376065'/>
      </properties>
    </artifact>
    <artifact classifier='osgi.bundle' id='org.eclipse.core.databinding' version='1.4.1.v20140214-0004'>
      <properties size='1'>
        <property name='download.size' value='202124'/>
      </properties>
    </artifact>
    <artifact classifier='osgi.bundle' id='org.w3c.css.sac' version='1.3.1.v200903091627'>
      <properties size='1'>
        <property name='download.size' value='32952'/>
      </properties>
    </artifact>
    <artifact classifier='osgi.bundle' id='javax.annotation' version='1.2.0.v201401042248'>
      <properties size='1'>
        <property name='download.size' value='28155'/>
      </properties>
    </artifact>
    <artifact classifier='osgi.bundle' id='edu.usc.pil.nlputils.plugins.svmClassifier' version='1.0.0.201408231152'>
      <properties size='1'>
        <property name='download.size' value='98028'/>
      </properties>
    </artifact>
    <artifact classifier='osgi.bundle' id='org.eclipse.e4.ui.css.swt.theme' version='0.9.300.v20140424-2042'>
      <properties size='1'>
        <property name='download.size' value='26431'/>
      </properties>
    </artifact>
  </artifacts>
</repository>
